Workbook

Sheet Dashboard
A1: ADVERSE DRUG REACTION (ADR) DATA ANALYSIS
A2: Present. Analyze. Impact.
A3: TOTAL ADR REPORTS | E3: SERIOUS REPORTS | I3: SUSPECTED DRUGS | M3: COUNTRIES
A4: =COUNTA(Data!$A$2:$A$1249) -> 1248 | E4: =COUNTIF(Data!$L$2:$L$1249,"Yes")&" ("&TEXT(COUNTIF(Data!$L$2:$L$1249,"Yes")/COUNTA(Data!$A$2:$A$1249),"0%")&")" -> 396 (32%) | I4: =COUNTIF(Analysis!$H$2:$H$87,">0") -> 86 | M4: =COUNTIF(Analysis!$AF$2:$AF$33,">0") -> 32
I65: KEY INSIGHTS
I66: ="Most reported SOC: "&Analysis!A2&" ("&TEXT(Analysis!B2/COUNTA(Data!$A$2:$A$1249),"0%")&" of reports)." -> Most reported SOC: Gastrointestinal (28% of reports).
I69: ="Highest-risk drug: "&Analysis!N2&" with "&Analysis!O2&" serious reports ("&TEXT(Analysis!Q2,"0%")&" of its reports)." -> Highest-risk drug: Diclofenac with 16 serious reports (44% of its reports).
I72: =TEXT(COUNTIF(Data!$L$2:$L$1249,"Yes")/COUNTA(Data!$A$2:$A$1249),"0%")&" of ADRs are serious; "&Analysis!AC6&" fatal outcomes recorded." -> 32% of ADRs are serious; 45 fatal outcomes recorded.
I75: ="Reactions most often start in the "&INDEX(Analysis!Y2:Y5,MATCH(MAX(Analysis!Z2:Z5),Analysis!Z2:Z5,0))&" window; "&TEXT((Analysis!T3+Analysis!T2)/COUNTA(Data!$A$2:$A$1249),"0%")&" are Certain/Probable causally." -> Reactions most often start in the 8-30 days window; 46% are Certain/Probable causally.
I78: ="Largest reporting group: age "&INDEX(Analysis!V2:V5,MATCH(MAX(Analysis!W2:W5),Analysis!W2:W5,0))&"; top country: "&Analysis!AE2&"." -> Largest reporting group: age 40-59; top country: India.
A83: Note: dataset is synthetic (demo). All figures are formulas driven by the Data sheet. See About sheet for definitions.

Sheet About
A1: Adverse Drug Reaction (ADR) Data Analysis
A3: Purpose: analyze ADR reports (symptoms, suspected drug, onset timeline, outcome) to find high-risk medicines and likely causes.
A4: Workflow: 1) Collect ADR reports 2) Clean & standardize 3) Analyze (Analysis sheet) 4) Visualize (Dashboard) 5) Draw safety insights
A6: Definitions / assumptions
A7: - Data is SYNTHETIC (generated for demonstration); replace the Data sheet with real reports (e.g. PvPI / VigiBase exports) to reuse.
A8: - Serious report = severity is Severe or Life-Threatening (formula in Data!L).
A9: - System Organ Class (SOC) names are simplified groupings of MedDRA SOCs.
A10: - Causality uses WHO-UMC categories: Certain, Probable, Possible, Unlikely (Naranjo / Bradford Hill are alternative tools).
A11: - High-risk drug = highest number of serious reports; serious % is shown to separate frequent from dangerous drugs.
A12: - Age group and onset band are formulas based on Age and Onset (days).
A13: - All counts on Analysis/Dashboard are formulas, so they update when the Data sheet changes. Top-10 drug ranking is dynamic; SOC bar order is fixed at build time.

Sheet Data
A1: Report ID | B1: Age | C1: Gender | D1: Country | E1: Suspected Drug | F1: ADR Term | G1: System Organ Class | H1: Severity | I1: Onset (days) | J1: Outcome | K1: Causality (WHO-UMC) | L1: Serious | M1: Age Group | N1: Onset Band
A2: ADR0001 | B2: 42 | C2: Male | D2: India | E2: Ibuprofen | F2: Gastritis | G2: Gastrointestinal | H2: Moderate | I2: 22 | J2: Recovered | K2: Unlikely | L2: =IF(OR(H2="Severe",H2="Life-Threatening"),"Yes","No") -> No | M2: =IF(B2<18,"0-17",IF(B2<40,"18-39",IF(B2<60,"40-59","60+"))) -> 40-59 | N2: =IF(I2<=1,"0-1 days",IF(I2<=7,"2-7 days",IF(I2<=30,"8-30 days",">30 days"))) -> 8-30 days
A3: ADR0002 | B3: 61 | C3: Female | D3: India | E3: Acyclovir | F3: Nausea | G3: Gastrointestinal | H3: Mild | I3: 1 | J3: Recovering | K3: Possible | L3: =IF(OR(H3="Severe",H3="Life-Threatening"),"Yes","No") -> No | M3: =IF(B3<18,"0-17",IF(B3<40,"18-39",IF(B3<60,"40-59","60+"))) -> 60+ | N3: =IF(I3<=1,"0-1 days",IF(I3<=7,"2-7 days",IF(I3<=30,"8-30 days",">30 days"))) -> 0-1 days
A4: ADR0003 | B4: 17 | C4: Male | D4: Brazil | E4: Gentamicin | F4: Ototoxicity | G4: Nervous System | H4: Moderate | I4: 30 | J4: Recovered | K4: Possible | L4: =IF(OR(H4="Severe",H4="Life-Threatening"),"Yes","No") -> No | M4: =IF(B4<18,"0-17",IF(B4<40,"18-39",IF(B4<60,"40-59","60+"))) -> 0-17 | N4: =IF(I4<=1,"0-1 days",IF(I4<=7,"2-7 days",IF(I4<=30,"8-30 days",">30 days"))) -> 8-30 days
A5: ADR0004 | B5: 48 | C5: Female | D5: United States | E5: Enalapril | F5: Angioedema | G5: Immune System | H5: Life-Threatening | I5: 1 | J5: Recovered | K5: Possible | L5: =IF(OR(H5="Severe",H5="Life-Threatening"),"Yes","No") -> Yes | M5: =IF(B5<18,"0-17",IF(B5<40,"18-39",IF(B5<60,"40-59","60+"))) -> 40-59 | N5: =IF(I5<=1,"0-1 days",IF(I5<=7,"2-7 days",IF(I5<=30,"8-30 days",">30 days"))) -> 0-1 days
A6: ADR0005 | B6: 43 | C6: Female | D6: India | E6: Tramadol | F6: Dizziness | G6: Nervous System | H6: Moderate | I6: 3 | J6: Recovered | K6: Probable | L6: =IF(OR(H6="Severe",H6="Life-Threatening"),"Yes","No") -> No | M6: =IF(B6<18,"0-17",IF(B6<40,"18-39",IF(B6<60,"40-59","60+"))) -> 40-59 | N6: =IF(I6<=1,"0-1 days",IF(I6<=7,"2-7 days",IF(I6<=30,"8-30 days",">30 days"))) -> 2-7 days
A7: ADR0006 | B7: 13 | C7: Female | D7: India | E7: Methotrexate | F7: Oral mucositis | G7: Gastrointestinal | H7: Moderate | I7: 7 | J7: Recovered with Sequelae | K7: Possible | L7: =IF(OR(H7="Severe",H7="Life-Threatening"),"Yes","No") -> No | M7: =IF(B7<18,"0-17",IF(B7<40,"18-39",IF(B7<60,"40-59","60+"))) -> 0-17 | N7: =IF(I7<=1,"0-1 days",IF(I7<=7,"2-7 days",IF(I7<=30,"8-30 days",">30 days"))) -> 2-7 days
A8: ADR0007 | B8: 21 | C8: Female | D8: United Kingdom | E8: Morphine | F8: Respiratory depression | G8: Respiratory | H8: Moderate | I8: 0 | J8: Recovered | K8: Probable | L8: =IF(OR(H8="Severe",H8="Life-Threatening"),"Yes","No") -> No | M8: =IF(B8<18,"0-17",IF(B8<40,"18-39",IF(B8<60,"40-59","60+"))) -> 18-39 | N8: =IF(I8<=1,"0-1 days",IF(I8<=7,"2-7 days",IF(I8<=30,"8-30 days",">30 days"))) -> 0-1 days
A9: ADR0008 | B9: 47 | C9: Male | D9: United States | E9: Amoxicillin | F9: Anaphylaxis | G9: Immune System | H9: Severe | I9: 1 | J9: Recovered | K9: Possible | L9: =IF(OR(H9="Severe",H9="Life-Threatening"),"Yes","No") -> Yes | M9: =IF(B9<18,"0-17",IF(B9<40,"18-39",IF(B9<60,"40-59","60+"))) -> 40-59 | N9: =IF(I9<=1,"0-1 days",IF(I9<=7,"2-7 days",IF(I9<=30,"8-30 days",">30 days"))) -> 0-1 days
A10: ADR0009 | B10: 60 | C10: Female | D10: United States | E10: Apixaban | F10: Haemorrhage | G10: Blood & Lymphatic | H10: Life-Threatening | I10: 16 | J10: Recovered with Sequelae | K10: Possible | L10: =IF(OR(H10="Severe",H10="Life-Threatening"),"Yes","No") -> Yes | M10: =IF(B10<18,"0-17",IF(B10<40,"18-39",IF(B10<60,"40-59","60+"))) -> 60+ | N10: =IF(I10<=1,"0-1 days",IF(I10<=7,"2-7 days",IF(I10<=30,"8-30 days",">30 days"))) -> 8-30 days
A11: ADR0010 | B11: 46 | C11: Male | D11: Turkey | E11: Digoxin | F11: Nausea | G11: Gastrointestinal | H11: Mild | I11: 6 | J11: Recovered | K11: Probable | L11: =IF(OR(H11="Severe",H11="Life-Threatening"),"Yes","No") -> No | M11: =IF(B11<18,"0-17",IF(B11<40,"18-39",IF(B11<60,"40-59","60+"))) -> 40-59 | N11: =IF(I11<=1,"0-1 days",IF(I11<=7,"2-7 days",IF(I11<=30,"8-30 days",">30 days"))) -> 2-7 days
A12: ADR0011 | B12: 52 | C12: Female | D12: Argentina | E12: Rifampicin | F12: Nausea | G12: Gastrointestinal | H12: Mild | I12: 4 | J12: Recovering | K12: Possible | L12: =IF(OR(H12="Severe",H12="Life-Threatening"),"Yes","No") -> No | M12: =IF(B12<18,"0-17",IF(B12<40,"18-39",IF(B12<60,"40-59","60+"))) -> 40-59 | N12: =IF(I12<=1,"0-1 days",IF(I12<=7,"2-7 days",IF(I12<=30,"8-30 days",">30 days"))) -> 2-7 days
A13: ADR0012 | B13: 33 | C13: Female | D13: South Africa | E13: Aspirin | F13: Gastritis | G13: Gastrointestinal | H13: Moderate | I13: 3 | J13: Recovered | K13: Probable | L13: =IF(OR(H13="Severe",H13="Life-Threatening"),"Yes","No") -> No | M13: =IF(B13<18,"0-17",IF(B13<40,"18-39",IF(B13<60,"40-59","60+"))) -> 18-39 | N13: =IF(I13<=1,"0-1 days",IF(I13<=7,"2-7 days",IF(I13<=30,"8-30 days",">30 days"))) -> 2-7 days
... A1249: ADR1248 | B1249: 68 | C1249: Female | D1249: United States | E1249: Amiodarone | F1249: Pulmonary fibrosis | G1249: Respiratory | H1249: Severe | I1249: 11 | J1249: Recovered | K1249: Probable | L1249: =IF(OR(H1249="Severe",H1249="Life-Threatening"),"Yes","No") -> Yes | M1249: =IF(B1249<18,"0-17",IF(B1249<40,"18-39",IF(B1249<60,"40-59","60+"))) -> 60+ | N1249: =IF(I1249<=1,"0-1 days",IF(I1249<=7,"2-7 days",IF(I1249<=30,"8-30 days",">30 days"))) -> 8-30 days

Sheet Analysis
A1: System Organ Class | B1: Reports | D1: Severity | E1: Reports | G1: Drug | H1: Reports | I1: Serious | J1: Serious % | K1: Rank key | M1: Rank | N1: High-Risk Drug | O1: Serious | P1: Reports | Q1: Serious % | S1: Causality | T1: Reports | V1: Age Group | W1: Reports | Y1: Onset Band | Z1: Reports | AB1: Outcome | AC1: Reports | AE1: Country | AF1: Reports
A2: Gastrointestinal | B2: =COUNTIF(Data!$G$2:$G$1249,A2) -> 355 | D2: Mild | E2: =COUNTIF(Data!$H$2:$H$1249,D2) -> 396 | G2: Acyclovir | H2: =COUNTIF(Data!$E$2:$E$1249,G2) -> 11 | I2: =COUNTIFS(Data!$E$2:$E$1249,G2,Data!$L$2:$L$1249,"Yes") -> 3 | J2: =IFERROR(I2/H2,0) -> 0.27272727 | K2: =I2+H2/1000+ROW()/10000000 -> 3.0110002 | M2: 1 | N2: =INDEX($G$2:$G$87,MATCH(LARGE($K$2:$K$87,M2),$K$2:$K$87,0)) -> Diclofenac | O2: =INDEX($I$2:$I$87,MATCH(N2,$G$2:$G$87,0)) -> 16 | P2: =INDEX($H$2:$H$87,MATCH(N2,$G$2:$G$87,0)) -> 36 | Q2: =IFERROR(O2/P2,0) -> 0.44444444 | S2: Certain | T2: =COUNTIF(Data!$K$2:$K$1249,S2) -> 108 | V2: 0-17 | W2: =COUNTIF(Data!$M$2:$M$1249,V2) -> 93 | Y2: 0-1 days | Z2: =COUNTIF(Data!$N$2:$N$1249,Y2) -> 105 | AB2: Recovered | AC2: =COUNTIF(Data!$J$2:$J$1249,AB2) -> 679 | AE2: India | AF2: =COUNTIF(Data!$D$2:$D$1249,AE2) -> 225
A3: Nervous System | B3: =COUNTIF(Data!$G$2:$G$1249,A3) -> 262 | D3: Moderate | E3: =COUNTIF(Data!$H$2:$H$1249,D3) -> 456 | G3: Allopurinol | H3: =COUNTIF(Data!$E$2:$E$1249,G3) -> 24 | I3: =COUNTIFS(Data!$E$2:$E$1249,G3,Data!$L$2:$L$1249,"Yes") -> 10 | J3: =IFERROR(I3/H3,0) -> 0.41666667 | K3: =I3+H3/1000+ROW()/10000000 -> 10.024 | M3: 2 | N3: =INDEX($G$2:$G$87,MATCH(LARGE($K$2:$K$87,M3),$K$2:$K$87,0)) -> Ibuprofen | O3: =INDEX($I$2:$I$87,MATCH(N3,$G$2:$G$87,0)) -> 15 | P3: =INDEX($H$2:$H$87,MATCH(N3,$G$2:$G$87,0)) -> 39 | Q3: =IFERROR(O3/P3,0) -> 0.38461538 | S3: Probable | T3: =COUNTIF(Data!$K$2:$K$1249,S3) -> 467 | V3: 18-39 | W3: =COUNTIF(Data!$M$2:$M$1249,V3) -> 330 | Y3: 2-7 days | Z3: =COUNTIF(Data!$N$2:$N$1249,Y3) -> 215 | AB3: Recovering | AC3: =COUNTIF(Data!$J$2:$J$1249,AB3) -> 315 | AE3: United States | AF3: =COUNTIF(Data!$D$2:$D$1249,AE3) -> 152
A4: Skin & Subcutaneous | B4: =COUNTIF(Data!$G$2:$G$1249,A4) -> 120 | D4: Severe | E4: =COUNTIF(Data!$H$2:$H$1249,D4) -> 255 | G4: Amiodarone | H4: =COUNTIF(Data!$E$2:$E$1249,G4) -> 16 | I4: =COUNTIFS(Data!$E$2:$E$1249,G4,Data!$L$2:$L$1249,"Yes") -> 10 | J4: =IFERROR(I4/H4,0) -> 0.625 | K4: =I4+H4/1000+ROW()/10000000 -> 10.016 | M4: 3 | N4: =INDEX($G$2:$G$87,MATCH(LARGE($K$2:$K$87,M4),$K$2:$K$87,0)) -> Amoxicillin | O4: =INDEX($I$2:$I$87,MATCH(N4,$G$2:$G$87,0)) -> 12 | P4: =INDEX($H$2:$H$87,MATCH(N4,$G$2:$G$87,0)) -> 37 | Q4: =IFERROR(O4/P4,0) -> 0.32432432 | S4: Possible | T4: =COUNTIF(Data!$K$2:$K$1249,S4) -> 550 | V4: 40-59 | W4: =COUNTIF(Data!$M$2:$M$1249,V4) -> 477 | Y4: 8-30 days | Z4: =COUNTIF(Data!$N$2:$N$1249,Y4) -> 872 | AB4: Not Recovered | AC4: =COUNTIF(Data!$J$2:$J$1249,AB4) -> 104 | AE4: United Kingdom | AF4: =COUNTIF(Data!$D$2:$D$1249,AE4) -> 90
A5: Metabolism & Nutrition | B5: =COUNTIF(Data!$G$2:$G$1249,A5) -> 107 | D5: Life-Threatening | E5: =COUNTIF(Data!$H$2:$H$1249,D5) -> 141 | G5: Amitriptyline | H5: =COUNTIF(Data!$E$2:$E$1249,G5) -> 12 | I5: =COUNTIFS(Data!$E$2:$E$1249,G5,Data!$L$2:$L$1249,"Yes") -> 1 | J5: =IFERROR(I5/H5,0) -> 0.083333333 | K5: =I5+H5/1000+ROW()/10000000 -> 1.0120005 | M5: 4 | N5: =INDEX($G$2:$G$87,MATCH(LARGE($K$2:$K$87,M5),$K$2:$K$87,0)) -> Paracetamol | O5: =INDEX($I$2:$I$87,MATCH(N5,$G$2:$G$87,0)) -> 12 | P5: =INDEX($H$2:$H$87,MATCH(N5,$G$2:$G$87,0)) -> 27 | Q5: =IFERROR(O5/P5,0) -> 0.44444444 | S5: Unlikely | T5: =COUNTIF(Data!$K$2:$K$1249,S5) -> 123 | V5: 60+ | W5: =COUNTIF(Data!$M$2:$M$1249,V5) -> 348 | Y5: >30 days | Z5: =COUNTIF(Data!$N$2:$N$1249,Y5) -> 872 | AB5: Recovered with Sequelae | AC5: =COUNTIF(Data!$J$2:$J$1249,AB5) -> 105 | AE5: Germany | AF5: =COUNTIF(Data!$D$2:$D$1249,AE5) -> 75
A6: Cardiac | B6: =COUNTIF(Data!$G$2:$G$1249,A6) -> 90 | G6: Amlodipine | H6: =COUNTIF(Data!$E$2:$E$1249,G6) -> 29 | I6: =COUNTIFS(Data!$E$2:$E$1249,G6,Data!$L$2:$L$1249,"Yes") -> 1 | J6: =IFERROR(I6/H6,0) -> 0.034482759 | K6: =I6+H6/1000+ROW()/10000000 -> 1.0290006 | M6: 5 | N6: =INDEX($G$2:$G$87,MATCH(LARGE($K$2:$K$87,M6),$K$2:$K$87,0)) -> Metformin | O6: =INDEX($I$2:$I$87,MATCH(N6,$G$2:$G$87,0)) -> 11 | P6: =INDEX($H$2:$H$87,MATCH(N6,$G$2:$G$87,0)) -> 38 | Q6: =IFERROR(O6/P6,0) -> 0.28947368 | AB6: Fatal | AC6: =COUNTIF(Data!$J$2:$J$1249,AB6) -> 45 | AE6: Brazil | AF6: =COUNTIF(Data!$D$2:$D$1249,AE6) -> 53
A7: Blood & Lymphatic | B7: =COUNTIF(Data!$G$2:$G$1249,A7) -> 75 | G7: Amoxicillin | H7: =COUNTIF(Data!$E$2:$E$1249,G7) -> 37 | I7: =COUNTIFS(Data!$E$2:$E$1249,G7,Data!$L$2:$L$1249,"Yes") -> 12 | J7: =IFERROR(I7/H7,0) -> 0.32432432 | K7: =I7+H7/1000+ROW()/10000000 -> 12.037001 | M7: 6 | N7: =INDEX($G$2:$G$87,MATCH(LARGE($K$2:$K$87,M7),$K$2:$K$87,0)) -> Cotrimoxazole | O7: =INDEX($I$2:$I$87,MATCH(N7,$G$2:$G$87,0)) -> 11 | P7: =INDEX($H$2:$H$87,MATCH(N7,$G$2:$G$87,0)) -> 23 | Q7: =IFERROR(O7/P7,0) -> 0.47826087 | AE7: France | AF7: =COUNTIF(Data!$D$2:$D$1249,AE7) -> 50
A8: Hepatobiliary | B8: =COUNTIF(Data!$G$2:$G$1249,A8) -> 58 | G8: Ampicillin | H8: =COUNTIF(Data!$E$2:$E$1249,G8) -> 8 | I8: =COUNTIFS(Data!$E$2:$E$1249,G8,Data!$L$2:$L$1249,"Yes") -> 2 | J8: =IFERROR(I8/H8,0) -> 0.25 | K8: =I8+H8/1000+ROW()/10000000 -> 2.0080008 | M8: 7 | N8: =INDEX($G$2:$G$87,MATCH(LARGE($K$2:$K$87,M8),$K$2:$K$87,0)) -> Ciprofloxacin | O8: =INDEX($I$2:$I$87,MATCH(N8,$G$2:$G$87,0)) -> 11 | P8: =INDEX($H$2:$H$87,MATCH(N8,$G$2:$G$87,0)) -> 23 | Q8: =IFERROR(O8/P8,0) -> 0.47826087 | AE8: Japan | AF8: =COUNTIF(Data!$D$2:$D$1249,AE8) -> 43
A9: Musculoskeletal | B9: =COUNTIF(Data!$G$2:$G$1249,A9) -> 51 | G9: Apixaban | H9: =COUNTIF(Data!$E$2:$E$1249,G9) -> 12 | I9: =COUNTIFS(Data!$E$2:$E$1249,G9,Data!$L$2:$L$1249,"Yes") -> 6 | J9: =IFERROR(I9/H9,0) -> 0.5 | K9: =I9+H9/1000+ROW()/10000000 -> 6.0120009 | M9: 8 | N9: =INDEX($G$2:$G$87,MATCH(LARGE($K$2:$K$87,M9),$K$2:$K$87,0)) -> Allopurinol | O9: =INDEX($I$2:$I$87,MATCH(N9,$G$2:$G$87,0)) -> 10 | P9: =INDEX($H$2:$H$87,MATCH(N9,$G$2:$G$87,0)) -> 24 | Q9: =IFERROR(O9/P9,0) -> 0.41666667 | AE9: Canada | AF9: =COUNTIF(Data!$D$2:$D$1249,AE9) -> 42
A10: General Disorders | B10: =COUNTIF(Data!$G$2:$G$1249,A10) -> 42 | G10: Artesunate | H10: =COUNTIF(Data!$E$2:$E$1249,G10) -> 7 | I10: =COUNTIFS(Data!$E$2:$E$1249,G10,Data!$L$2:$L$1249,"Yes") -> 4 | J10: =IFERROR(I10/H10,0) -> 0.57142857 | K10: =I10+H10/1000+ROW()/10000000 -> 4.007001 | M10: 9 | N10: =INDEX($G$2:$G$87,MATCH(LARGE($K$2:$K$87,M10),$K$2:$K$87,0)) -> Phenytoin | O10: =INDEX($I$2:$I$87,MATCH(N10,$G$2:$G$87,0)) -> 10 | P10: =INDEX($H$2:$H$87,MATCH(N10,$G$2:$G$87,0)) -> 21 | Q10: =IFERROR(O10/P10,0) -> 0.47619048 | AE10: Nigeria | AF10: =COUNTIF(Data!$D$2:$D$1249,AE10) -> 39
A11: Respiratory | B11: =COUNTIF(Data!$G$2:$G$1249,A11) -> 37 | G11: Aspirin | H11: =COUNTIF(Data!$E$2:$E$1249,G11) -> 21 | I11: =COUNTIFS(Data!$E$2:$E$1249,G11,Data!$L$2:$L$1249,"Yes") -> 3 | J11: =IFERROR(I11/H11,0) -> 0.14285714 | K11: =I11+H11/1000+ROW()/10000000 -> 3.0210011 | M11: 10 | N11: =INDEX($G$2:$G$87,MATCH(LARGE($K$2:$K$87,M11),$K$2:$K$87,0)) -> Warfarin | O11: =INDEX($I$2:$I$87,MATCH(N11,$G$2:$G$87,0)) -> 10 | P11: =INDEX($H$2:$H$87,MATCH(N11,$G$2:$G$87,0)) -> 17 | Q11: =IFERROR(O11/P11,0) -> 0.58823529 | AE11: Spain | AF11: =COUNTIF(Data!$D$2:$D$1249,AE11) -> 34
A12: Renal & Urinary | B12: =COUNTIF(Data!$G$2:$G$1249,A12) -> 28 | G12: Atenolol | H12: =COUNTIF(Data!$E$2:$E$1249,G12) -> 13 | I12: =COUNTIFS(Data!$E$2:$E$1249,G12,Data!$L$2:$L$1249,"Yes") -> 2 | J12: =IFERROR(I12/H12,0) -> 0.15384615 | K12: =I12+H12/1000+ROW()/10000000 -> 2.0130012 | AE12: Argentina | AF12: =COUNTIF(Data!$D$2:$D$1249,AE12) -> 33
A13: Immune System | B13: =COUNTIF(Data!$G$2:$G$1249,A13) -> 23 | G13: Atorvastatin | H13: =COUNTIF(Data!$E$2:$E$1249,G13) -> 30 | I13: =COUNTIFS(Data!$E$2:$E$1249,G13,Data!$L$2:$L$1249,"Yes") -> 4 | J13: =IFERROR(I13/H13,0) -> 0.13333333 | K13: =I13+H13/1000+ROW()/10000000 -> 4.0300013 | AE13: Italy | AF13: =COUNTIF(Data!$D$2:$D$1249,AE13) -> 30
G14: Azithromycin | H14: =COUNTIF(Data!$E$2:$E$1249,G14) -> 20 | I14: =COUNTIFS(Data!$E$2:$E$1249,G14,Data!$L$2:$L$1249,"Yes") -> 8 | J14: =IFERROR(I14/H14,0) -> 0.4 | K14: =I14+H14/1000+ROW()/10000000 -> 8.0200014 | AE14: Pakistan | AF14: =COUNTIF(Data!$D$2:$D$1249,AE14) -> 29
G15: Capecitabine | H15: =COUNTIF(Data!$E$2:$E$1249,G15) -> 3 | I15: =COUNTIFS(Data!$E$2:$E$1249,G15,Data!$L$2:$L$1249,"Yes") -> 2 | J15: =IFERROR(I15/H15,0) -> 0.66666667 | K15: =I15+H15/1000+ROW()/10000000 -> 2.0030015 | AE15: Thailand | AF15: =COUNTIF(Data!$D$2:$D$1249,AE15) -> 27
G16: Carbamazepine | H16: =COUNTIF(Data!$E$2:$E$1249,G16) -> 23 | I16: =COUNTIFS(Data!$E$2:$E$1249,G16,Data!$L$2:$L$1249,"Yes") -> 8 | J16: =IFERROR(I16/H16,0) -> 0.34782609 | K16: =I16+H16/1000+ROW()/10000000 -> 8.0230016 | AE16: Netherlands | AF16: =COUNTIF(Data!$D$2:$D$1249,AE16) -> 26
G17: Cefixime | H17: =COUNTIF(Data!$E$2:$E$1249,G17) -> 10 | I17: =COUNTIFS(Data!$E$2:$E$1249,G17,Data!$L$2:$L$1249,"Yes") -> 3 | J17: =IFERROR(I17/H17,0) -> 0.3 | K17: =I17+H17/1000+ROW()/10000000 -> 3.0100017 | AE17: South Korea | AF17: =COUNTIF(Data!$D$2:$D$1249,AE17) -> 26
G18: Ceftriaxone | H18: =COUNTIF(Data!$E$2:$E$1249,G18) -> 17 | I18: =COUNTIFS(Data!$E$2:$E$1249,G18,Data!$L$2:$L$1249,"Yes") -> 2 | J18: =IFERROR(I18/H18,0) -> 0.11764706 | K18: =I18+H18/1000+ROW()/10000000 -> 2.0170018 | AE18: Mexico | AF18: =COUNTIF(Data!$D$2:$D$1249,AE18) -> 26
G19: Celecoxib | H19: =COUNTIF(Data!$E$2:$E$1249,G19) -> 9 | I19: =COUNTIFS(Data!$E$2:$E$1249,G19,Data!$L$2:$L$1249,"Yes") -> 3 | J19: =IFERROR(I19/H19,0) -> 0.33333333 | K19: =I19+H19/1000+ROW()/10000000 -> 3.0090019 | AE19: South Africa | AF19: =COUNTIF(Data!$D$2:$D$1249,AE19) -> 25
G20: Cetirizine | H20: =COUNTIF(Data!$E$2:$E$1249,G20) -> 12 | I20: =COUNTIFS(Data!$E$2:$E$1249,G20,Data!$L$2:$L$1249,"Yes") -> 2 | J20: =IFERROR(I20/H20,0) -> 0.16666667 | K20: =I20+H20/1000+ROW()/10000000 -> 2.012002 | AE20: Indonesia | AF20: =COUNTIF(Data!$D$2:$D$1249,AE20) -> 24
G21: Ciprofloxacin | H21: =COUNTIF(Data!$E$2:$E$1249,G21) -> 23 | I21: =COUNTIFS(Data!$E$2:$E$1249,G21,Data!$L$2:$L$1249,"Yes") -> 11 | J21: =IFERROR(I21/H21,0) -> 0.47826087 | K21: =I21+H21/1000+ROW()/10000000 -> 11.023002 | AE21: Sweden | AF21: =COUNTIF(Data!$D$2:$D$1249,AE21) -> 24
G22: Cisplatin | H22: =COUNTIF(Data!$E$2:$E$1249,G22) -> 8 | I22: =COUNTIFS(Data!$E$2:$E$1249,G22,Data!$L$2:$L$1249,"Yes") -> 3 | J22: =IFERROR(I22/H22,0) -> 0.375 | K22: =I22+H22/1000+ROW()/10000000 -> 3.0080022 | AE22: China | AF22: =COUNTIF(Data!$D$2:$D$1249,AE22) -> 24
G23: Clarithromycin | H23: =COUNTIF(Data!$E$2:$E$1249,G23) -> 12 | I23: =COUNTIFS(Data!$E$2:$E$1249,G23,Data!$L$2:$L$1249,"Yes") -> 4 | J23: =IFERROR(I23/H23,0) -> 0.33333333 | K23: =I23+H23/1000+ROW()/10000000 -> 4.0120023 | AE23: Australia | AF23: =COUNTIF(Data!$D$2:$D$1249,AE23) -> 23
G24: Clopidogrel | H24: =COUNTIF(Data!$E$2:$E$1249,G24) -> 15 | I24: =COUNTIFS(Data!$E$2:$E$1249,G24,Data!$L$2:$L$1249,"Yes") -> 6 | J24: =IFERROR(I24/H24,0) -> 0.4 | K24: =I24+H24/1000+ROW()/10000000 -> 6.0150024 | AE24: Singapore | AF24: =COUNTIF(Data!$D$2:$D$1249,AE24) -> 22
G25: Codeine | H25: =COUNTIF(Data!$E$2:$E$1249,G25) -> 10 | I25: =COUNTIFS(Data!$E$2:$E$1249,G25,Data!$L$2:$L$1249,"Yes") -> 3 | J25: =IFERROR(I25/H25,0) -> 0.3 | K25: =I25+H25/1000+ROW()/10000000 -> 3.0100025 | AE25: Bangladesh | AF25: =COUNTIF(Data!$D$2:$D$1249,AE25) -> 17
... G33: Fluconazole | H33: =COUNTIF(Data!$E$2:$E$1249,G33) -> 11 | I33: =COUNTIFS(Data!$E$2:$E$1249,G33,Data!$L$2:$L$1249,"Yes") -> 1 | J33: =IFERROR(I33/H33,0) -> 0.090909091 | K33: =I33+H33/1000+ROW()/10000000 -> 1.0110033 | AE33: Egypt | AF33: =COUNTIF(Data!$D$2:$D$1249,AE33) -> 8
G34: Fluoxetine | H34: =COUNTIF(Data!$E$2:$E$1249,G34) -> 14 | I34: =COUNTIFS(Data!$E$2:$E$1249,G34,Data!$L$2:$L$1249,"Yes") -> 6 | J34: =IFERROR(I34/H34,0) -> 0.42857143 | K34: =I34+H34/1000+ROW()/10000000 -> 6.0140034
G35: Furosemide | H35: =COUNTIF(Data!$E$2:$E$1249,G35) -> 9 | I35: =COUNTIFS(Data!$E$2:$E$1249,G35,Data!$L$2:$L$1249,"Yes") -> 5 | J35: =IFERROR(I35/H35,0) -> 0.55555556 | K35: =I35+H35/1000+ROW()/10000000 -> 5.0090035
G36: Gabapentin | H36: =COUNTIF(Data!$E$2:$E$1249,G36) -> 17 | I36: =COUNTIFS(Data!$E$2:$E$1249,G36,Data!$L$2:$L$1249,"Yes") -> 0 | J36: =IFERROR(I36/H36,0) -> 0 | K36: =I36+H36/1000+ROW()/10000000 -> 0.0170036
G37: Gentamicin | H37: =COUNTIF(Data!$E$2:$E$1249,G37) -> 13 | I37: =COUNTIFS(Data!$E$2:$E$1249,G37,Data!$L$2:$L$1249,"Yes") -> 7 | J37: =IFERROR(I37/H37,0) -> 0.53846154 | K37: =I37+H37/1000+ROW()/10000000 -> 7.0130037
G38: Gliclazide | H38: =COUNTIF(Data!$E$2:$E$1249,G38) -> 16 | I38: =COUNTIFS(Data!$E$2:$E$1249,G38,Data!$L$2:$L$1249,"Yes") -> 7 | J38: =IFERROR(I38/H38,0) -> 0.4375 | K38: =I38+H38/1000+ROW()/10000000 -> 7.0160038
G39: Glimepiride | H39: =COUNTIF(Data!$E$2:$E$1249,G39) -> 11 | I39: =COUNTIFS(Data!$E$2:$E$1249,G39,Data!$L$2:$L$1249,"Yes") -> 3 | J39: =IFERROR(I39/H39,0) -> 0.27272727 | K39: =I39+H39/1000+ROW()/10000000 -> 3.0110039
G40: Haloperidol | H40: =COUNTIF(Data!$E$2:$E$1249,G40) -> 14 | I40: =COUNTIFS(Data!$E$2:$E$1249,G40,Data!$L$2:$L$1249,"Yes") -> 7 | J40: =IFERROR(I40/H40,0) -> 0.5 | K40: =I40+H40/1000+ROW()/10000000 -> 7.014004
G41: Heparin | H41: =COUNTIF(Data!$E$2:$E$1249,G41) -> 5 | I41: =COUNTIFS(Data!$E$2:$E$1249,G41,Data!$L$2:$L$1249,"Yes") -> 4 | J41: =IFERROR(I41/H41,0) -> 0.8 | K41: =I41+H41/1000+ROW()/10000000 -> 4.0050041
G42: Hydrochlorothiazide | H42: =COUNTIF(Data!$E$2:$E$1249,G42) -> 11 | I42: =COUNTIFS(Data!$E$2:$E$1249,G42,Data!$L$2:$L$1249,"Yes") -> 1 | J42: =IFERROR(I42/H42,0) -> 0.090909091 | K42: =I42+H42/1000+ROW()/10000000 -> 1.0110042
G43: Hydroxychloroquine | H43: =COUNTIF(Data!$E$2:$E$1249,G43) -> 10 | I43: =COUNTIFS(Data!$E$2:$E$1249,G43,Data!$L$2:$L$1249,"Yes") -> 3 | J43: =IFERROR(I43/H43,0) -> 0.3 | K43: =I43+H43/1000+ROW()/10000000 -> 3.0100043
G44: Ibuprofen | H44: =COUNTIF(Data!$E$2:$E$1249,G44) -> 39 | I44: =COUNTIFS(Data!$E$2:$E$1249,G44,Data!$L$2:$L$1249,"Yes") -> 15 | J44: =IFERROR(I44/H44,0) -> 0.38461538 | K44: =I44+H44/1000+ROW()/10000000 -> 15.039004
G45: Insulin Glargine | H45: =COUNTIF(Data!$E$2:$E$1249,G45) -> 16 | I45: =COUNTIFS(Data!$E$2:$E$1249,G45,Data!$L$2:$L$1249,"Yes") -> 8 | J45: =IFERROR(I45/H45,0) -> 0.5 | K45: =I45+H45/1000+ROW()/10000000 -> 8.0160045
... G87: Zolpidem | H87: =COUNTIF(Data!$E$2:$E$1249,G87) -> 9 | I87: =COUNTIFS(Data!$E$2:$E$1249,G87,Data!$L$2:$L$1249,"Yes") -> 2 | J87: =IFERROR(I87/H87,0) -> 0.22222222 | K87: =I87+H87/1000+ROW()/10000000 -> 2.0090087

Sheet Drug Risk Ranking
A1: Rank | B1: Suspected Drug | C1: Reports | D1: Serious Reports | E1: Serious % | F1: Risk Level
A2: 1 | B2: =INDEX(Analysis!$G$2:$G$87,MATCH(LARGE(Analysis!$K$2:$K$87,A2),Analysis!$K$2:$K$87,0)) -> Diclofenac | C2: =INDEX(Analysis!$H$2:$H$87,MATCH(B2,Analysis!$G$2:$G$87,0)) -> 36 | D2: =INDEX(Analysis!$I$2:$I$87,MATCH(B2,Analysis!$G$2:$G$87,0)) -> 16 | E2: =IFERROR(D2/C2,0) -> 0.44444444 | F2: =IF(AND(E2>=0.4,C2>=8),"High",IF(E2>=0.25,"Medium","Low")) -> High
A3: 2 | B3: =INDEX(Analysis!$G$2:$G$87,MATCH(LARGE(Analysis!$K$2:$K$87,A3),Analysis!$K$2:$K$87,0)) -> Ibuprofen | C3: =INDEX(Analysis!$H$2:$H$87,MATCH(B3,Analysis!$G$2:$G$87,0)) -> 39 | D3: =INDEX(Analysis!$I$2:$I$87,MATCH(B3,Analysis!$G$2:$G$87,0)) -> 15 | E3: =IFERROR(D3/C3,0) -> 0.38461538 | F3: =IF(AND(E3>=0.4,C3>=8),"High",IF(E3>=0.25,"Medium","Low")) -> Medium
A4: 3 | B4: =INDEX(Analysis!$G$2:$G$87,MATCH(LARGE(Analysis!$K$2:$K$87,A4),Analysis!$K$2:$K$87,0)) -> Amoxicillin | C4: =INDEX(Analysis!$H$2:$H$87,MATCH(B4,Analysis!$G$2:$G$87,0)) -> 37 | D4: =INDEX(Analysis!$I$2:$I$87,MATCH(B4,Analysis!$G$2:$G$87,0)) -> 12 | E4: =IFERROR(D4/C4,0) -> 0.32432432 | F4: =IF(AND(E4>=0.4,C4>=8),"High",IF(E4>=0.25,"Medium","Low")) -> Medium
A5: 4 | B5: =INDEX(Analysis!$G$2:$G$87,MATCH(LARGE(Analysis!$K$2:$K$87,A5),Analysis!$K$2:$K$87,0)) -> Paracetamol | C5: =INDEX(Analysis!$H$2:$H$87,MATCH(B5,Analysis!$G$2:$G$87,0)) -> 27 | D5: =INDEX(Analysis!$I$2:$I$87,MATCH(B5,Analysis!$G$2:$G$87,0)) -> 12 | E5: =IFERROR(D5/C5,0) -> 0.44444444 | F5: =IF(AND(E5>=0.4,C5>=8),"High",IF(E5>=0.25,"Medium","Low")) -> High
A6: 5 | B6: =INDEX(Analysis!$G$2:$G$87,MATCH(LARGE(Analysis!$K$2:$K$87,A6),Analysis!$K$2:$K$87,0)) -> Metformin | C6: =INDEX(Analysis!$H$2:$H$87,MATCH(B6,Analysis!$G$2:$G$87,0)) -> 38 | D6: =INDEX(Analysis!$I$2:$I$87,MATCH(B6,Analysis!$G$2:$G$87,0)) -> 11 | E6: =IFERROR(D6/C6,0) -> 0.28947368 | F6: =IF(AND(E6>=0.4,C6>=8),"High",IF(E6>=0.25,"Medium","Low")) -> Medium
A7: 6 | B7: =INDEX(Analysis!$G$2:$G$87,MATCH(LARGE(Analysis!$K$2:$K$87,A7),Analysis!$K$2:$K$87,0)) -> Cotrimoxazole | C7: =INDEX(Analysis!$H$2:$H$87,MATCH(B7,Analysis!$G$2:$G$87,0)) -> 23 | D7: =INDEX(Analysis!$I$2:$I$87,MATCH(B7,Analysis!$G$2:$G$87,0)) -> 11 | E7: =IFERROR(D7/C7,0) -> 0.47826087 | F7: =IF(AND(E7>=0.4,C7>=8),"High",IF(E7>=0.25,"Medium","Low")) -> High
A8: 7 | B8: =INDEX(Analysis!$G$2:$G$87,MATCH(LARGE(Analysis!$K$2:$K$87,A8),Analysis!$K$2:$K$87,0)) -> Ciprofloxacin | C8: =INDEX(Analysis!$H$2:$H$87,MATCH(B8,Analysis!$G$2:$G$87,0)) -> 23 | D8: =INDEX(Analysis!$I$2:$I$87,MATCH(B8,Analysis!$G$2:$G$87,0)) -> 11 | E8: =IFERROR(D8/C8,0) -> 0.47826087 | F8: =IF(AND(E8>=0.4,C8>=8),"High",IF(E8>=0.25,"Medium","Low")) -> High
A9: 8 | B9: =INDEX(Analysis!$G$2:$G$87,MATCH(LARGE(Analysis!$K$2:$K$87,A9),Analysis!$K$2:$K$87,0)) -> Allopurinol | C9: =INDEX(Analysis!$H$2:$H$87,MATCH(B9,Analysis!$G$2:$G$87,0)) -> 24 | D9: =INDEX(Analysis!$I$2:$I$87,MATCH(B9,Analysis!$G$2:$G$87,0)) -> 10 | E9: =IFERROR(D9/C9,0) -> 0.41666667 | F9: =IF(AND(E9>=0.4,C9>=8),"High",IF(E9>=0.25,"Medium","Low")) -> High
A10: 9 | B10: =INDEX(Analysis!$G$2:$G$87,MATCH(LARGE(Analysis!$K$2:$K$87,A10),Analysis!$K$2:$K$87,0)) -> Phenytoin | C10: =INDEX(Analysis!$H$2:$H$87,MATCH(B10,Analysis!$G$2:$G$87,0)) -> 21 | D10: =INDEX(Analysis!$I$2:$I$87,MATCH(B10,Analysis!$G$2:$G$87,0)) -> 10 | E10: =IFERROR(D10/C10,0) -> 0.47619048 | F10: =IF(AND(E10>=0.4,C10>=8),"High",IF(E10>=0.25,"Medium","Low")) -> High
A11: 10 | B11: =INDEX(Analysis!$G$2:$G$87,MATCH(LARGE(Analysis!$K$2:$K$87,A11),Analysis!$K$2:$K$87,0)) -> Warfarin | C11: =INDEX(Analysis!$H$2:$H$87,MATCH(B11,Analysis!$G$2:$G$87,0)) -> 17 | D11: =INDEX(Analysis!$I$2:$I$87,MATCH(B11,Analysis!$G$2:$G$87,0)) -> 10 | E11: =IFERROR(D11/C11,0) -> 0.58823529 | F11: =IF(AND(E11>=0.4,C11>=8),"High",IF(E11>=0.25,"Medium","Low")) -> High
A12: 11 | B12: =INDEX(Analysis!$G$2:$G$87,MATCH(LARGE(Analysis!$K$2:$K$87,A12),Analysis!$K$2:$K$87,0)) -> Isoniazid | C12: =INDEX(Analysis!$H$2:$H$87,MATCH(B12,Analysis!$G$2:$G$87,0)) -> 17 | D12: =INDEX(Analysis!$I$2:$I$87,MATCH(B12,Analysis!$G$2:$G$87,0)) -> 10 | E12: =IFERROR(D12/C12,0) -> 0.58823529 | F12: =IF(AND(E12>=0.4,C12>=8),"High",IF(E12>=0.25,"Medium","Low")) -> High
A13: 12 | B13: =INDEX(Analysis!$G$2:$G$87,MATCH(LARGE(Analysis!$K$2:$K$87,A13),Analysis!$K$2:$K$87,0)) -> Amiodarone | C13: =INDEX(Analysis!$H$2:$H$87,MATCH(B13,Analysis!$G$2:$G$87,0)) -> 16 | D13: =INDEX(Analysis!$I$2:$I$87,MATCH(B13,Analysis!$G$2:$G$87,0)) -> 10 | E13: =IFERROR(D13/C13,0) -> 0.625 | F13: =IF(AND(E13>=0.4,C13>=8),"High",IF(E13>=0.25,"Medium","Low")) -> High
... A87: 86 | B87: =INDEX(Analysis!$G$2:$G$87,MATCH(LARGE(Analysis!$K$2:$K$87,A87),Analysis!$K$2:$K$87,0)) -> Lithium | C87: =INDEX(Analysis!$H$2:$H$87,MATCH(B87,Analysis!$G$2:$G$87,0)) -> 3 | D87: =INDEX(Analysis!$I$2:$I$87,MATCH(B87,Analysis!$G$2:$G$87,0)) -> 0 | E87: =IFERROR(D87/C87,0) -> 0 | F87: =IF(AND(E87>=0.4,C87>=8),"High",IF(E87>=0.25,"Medium","Low")) -> Low

Sheet Drug-ADR Signals
A1: Suspected Drug | B1: ADR Term | C1: Reports | D1: Serious | E1: Serious % | F1: Rank key | H1: Rank | I1: Top Drug-ADR Pair (by serious reports) | J1: Reports | K1: Serious
A2: Acyclovir | B2: Acute kidney injury | C2: =COUNTIFS(Data!$E$2:$E$1249,A2,Data!$F$2:$F$1249,B2) -> 3 | D2: =COUNTIFS(Data!$E$2:$E$1249,A2,Data!$F$2:$F$1249,B2,Data!$L$2:$L$1249,"Yes") -> 2 | E2: =IFERROR(D2/C2,0) -> 0.66666667 | F2: =D2+C2/1000+ROW()/10000000 -> 2.0030002 | H2: 1 | I2: =INDEX($A$2:$A$198,MATCH(LARGE($F$2:$F$198,H2),$F$2:$F$198,0))&" - "&INDEX($B$2:$B$198,MATCH(LARGE($F$2:$F$198,H2),$F$2:$F$198,0)) -> Ibuprofen - GI bleeding | J2: =INDEX($C$2:$C$198,MATCH(LARGE($F$2:$F$198,H2),$F$2:$F$198,0)) -> 17 | K2: =INDEX($D$2:$D$198,MATCH(LARGE($F$2:$F$198,H2),$F$2:$F$198,0)) -> 14
A3: Acyclovir | B3: Nausea | C3: =COUNTIFS(Data!$E$2:$E$1249,A3,Data!$F$2:$F$1249,B3) -> 8 | D3: =COUNTIFS(Data!$E$2:$E$1249,A3,Data!$F$2:$F$1249,B3,Data!$L$2:$L$1249,"Yes") -> 1 | E3: =IFERROR(D3/C3,0) -> 0.125 | F3: =D3+C3/1000+ROW()/10000000 -> 1.0080003 | H3: 2 | I3: =INDEX($A$2:$A$198,MATCH(LARGE($F$2:$F$198,H3),$F$2:$F$198,0))&" - "&INDEX($B$2:$B$198,MATCH(LARGE($F$2:$F$198,H3),$F$2:$F$198,0)) -> Metformin - Lactic acidosis | J3: =INDEX($C$2:$C$198,MATCH(LARGE($F$2:$F$198,H3),$F$2:$F$198,0)) -> 15 | K3: =INDEX($D$2:$D$198,MATCH(LARGE($F$2:$F$198,H3),$F$2:$F$198,0)) -> 10
A4: Allopurinol | B4: Hepatitis | C4: =COUNTIFS(Data!$E$2:$E$1249,A4,Data!$F$2:$F$1249,B4) -> 5 | D4: =COUNTIFS(Data!$E$2:$E$1249,A4,Data!$F$2:$F$1249,B4,Data!$L$2:$L$1249,"Yes") -> 2 | E4: =IFERROR(D4/C4,0) -> 0.4 | F4: =D4+C4/1000+ROW()/10000000 -> 2.0050004 | H4: 3 | I4: =INDEX($A$2:$A$198,MATCH(LARGE($F$2:$F$198,H4),$F$2:$F$198,0))&" - "&INDEX($B$2:$B$198,MATCH(LARGE($F$2:$F$198,H4),$F$2:$F$198,0)) -> Paracetamol - Hepatotoxicity | J4: =INDEX($C$2:$C$198,MATCH(LARGE($F$2:$F$198,H4),$F$2:$F$198,0)) -> 11 | K4: =INDEX($D$2:$D$198,MATCH(LARGE($F$2:$F$198,H4),$F$2:$F$198,0)) -> 10
A5: Allopurinol | B5: Rash | C5: =COUNTIFS(Data!$E$2:$E$1249,A5,Data!$F$2:$F$1249,B5) -> 10 | D5: =COUNTIFS(Data!$E$2:$E$1249,A5,Data!$F$2:$F$1249,B5,Data!$L$2:$L$1249,"Yes") -> 3 | E5: =IFERROR(D5/C5,0) -> 0.3 | F5: =D5+C5/1000+ROW()/10000000 -> 3.0100005 | H5: 4 | I5: =INDEX($A$2:$A$198,MATCH(LARGE($F$2:$F$198,H5),$F$2:$F$198,0))&" - "&INDEX($B$2:$B$198,MATCH(LARGE($F$2:$F$198,H5),$F$2:$F$198,0)) -> Amoxicillin - Anaphylaxis | J5: =INDEX($C$2:$C$198,MATCH(LARGE($F$2:$F$198,H5),$F$2:$F$198,0)) -> 11 | K5: =INDEX($D$2:$D$198,MATCH(LARGE($F$2:$F$198,H5),$F$2:$F$198,0)) -> 10
A6: Allopurinol | B6: SJS/TEN | C6: =COUNTIFS(Data!$E$2:$E$1249,A6,Data!$F$2:$F$1249,B6) -> 9 | D6: =COUNTIFS(Data!$E$2:$E$1249,A6,Data!$F$2:$F$1249,B6,Data!$L$2:$L$1249,"Yes") -> 5 | E6: =IFERROR(D6/C6,0) -> 0.55555556 | F6: =D6+C6/1000+ROW()/10000000 -> 5.0090006 | H6: 5 | I6: =INDEX($A$2:$A$198,MATCH(LARGE($F$2:$F$198,H6),$F$2:$F$198,0))&" - "&INDEX($B$2:$B$198,MATCH(LARGE($F$2:$F$198,H6),$F$2:$F$198,0)) -> Diclofenac - GI bleeding | J6: =INDEX($C$2:$C$198,MATCH(LARGE($F$2:$F$198,H6),$F$2:$F$198,0)) -> 11 | K6: =INDEX($D$2:$D$198,MATCH(LARGE($F$2:$F$198,H6),$F$2:$F$198,0)) -> 9
A7: Amiodarone | B7: Bradycardia | C7: =COUNTIFS(Data!$E$2:$E$1249,A7,Data!$F$2:$F$1249,B7) -> 8 | D7: =COUNTIFS(Data!$E$2:$E$1249,A7,Data!$F$2:$F$1249,B7,Data!$L$2:$L$1249,"Yes") -> 3 | E7: =IFERROR(D7/C7,0) -> 0.375 | F7: =D7+C7/1000+ROW()/10000000 -> 3.0080007 | H7: 6 | I7: =INDEX($A$2:$A$198,MATCH(LARGE($F$2:$F$198,H7),$F$2:$F$198,0))&" - "&INDEX($B$2:$B$198,MATCH(LARGE($F$2:$F$198,H7),$F$2:$F$198,0)) -> Isoniazid - Hepatitis | J7: =INDEX($C$2:$C$198,MATCH(LARGE($F$2:$F$198,H7),$F$2:$F$198,0)) -> 10 | K7: =INDEX($D$2:$D$198,MATCH(LARGE($F$2:$F$198,H7),$F$2:$F$198,0)) -> 9
A8: Amiodarone | B8: Pulmonary fibrosis | C8: =COUNTIFS(Data!$E$2:$E$1249,A8,Data!$F$2:$F$1249,B8) -> 8 | D8: =COUNTIFS(Data!$E$2:$E$1249,A8,Data!$F$2:$F$1249,B8,Data!$L$2:$L$1249,"Yes") -> 7 | E8: =IFERROR(D8/C8,0) -> 0.875 | F8: =D8+C8/1000+ROW()/10000000 -> 7.0080008 | H8: 7 | I8: =INDEX($A$2:$A$198,MATCH(LARGE($F$2:$F$198,H8),$F$2:$F$198,0))&" - "&INDEX($B$2:$B$198,MATCH(LARGE($F$2:$F$198,H8),$F$2:$F$198,0)) -> Warfarin - Haemorrhage | J8: =INDEX($C$2:$C$198,MATCH(LARGE($F$2:$F$198,H8),$F$2:$F$198,0)) -> 12 | K8: =INDEX($D$2:$D$198,MATCH(LARGE($F$2:$F$198,H8),$F$2:$F$198,0)) -> 8
A9: Amitriptyline | B9: Dizziness | C9: =COUNTIFS(Data!$E$2:$E$1249,A9,Data!$F$2:$F$1249,B9) -> 4 | D9: =COUNTIFS(Data!$E$2:$E$1249,A9,Data!$F$2:$F$1249,B9,Data!$L$2:$L$1249,"Yes") -> 0 | E9: =IFERROR(D9/C9,0) -> 0 | F9: =D9+C9/1000+ROW()/10000000 -> 0.0040009 | H9: 8 | I9: =INDEX($A$2:$A$198,MATCH(LARGE($F$2:$F$198,H9),$F$2:$F$198,0))&" - "&INDEX($B$2:$B$198,MATCH(LARGE($F$2:$F$198,H9),$F$2:$F$198,0)) -> Ciprofloxacin - QT prolongation | J9: =INDEX($C$2:$C$198,MATCH(LARGE($F$2:$F$198,H9),$F$2:$F$198,0)) -> 9 | K9: =INDEX($D$2:$D$198,MATCH(LARGE($F$2:$F$198,H9),$F$2:$F$198,0)) -> 7
A10: Amitriptyline | B10: Dry mouth | C10: =COUNTIFS(Data!$E$2:$E$1249,A10,Data!$F$2:$F$1249,B10) -> 5 | D10: =COUNTIFS(Data!$E$2:$E$1249,A10,Data!$F$2:$F$1249,B10,Data!$L$2:$L$1249,"Yes") -> 0 | E10: =IFERROR(D10/C10,0) -> 0 | F10: =D10+C10/1000+ROW()/10000000 -> 0.005001 | H10: 9 | I10: =INDEX($A$2:$A$198,MATCH(LARGE($F$2:$F$198,H10),$F$2:$F$198,0))&" - "&INDEX($B$2:$B$198,MATCH(LARGE($F$2:$F$198,H10),$F$2:$F$198,0)) -> Carbamazepine - SJS/TEN | J10: =INDEX($C$2:$C$198,MATCH(LARGE($F$2:$F$198,H10),$F$2:$F$198,0)) -> 9 | K10: =INDEX($D$2:$D$198,MATCH(LARGE($F$2:$F$198,H10),$F$2:$F$198,0)) -> 7
A11: Amitriptyline | B11: Palpitations | C11: =COUNTIFS(Data!$E$2:$E$1249,A11,Data!$F$2:$F$1249,B11) -> 3 | D11: =COUNTIFS(Data!$E$2:$E$1249,A11,Data!$F$2:$F$1249,B11,Data!$L$2:$L$1249,"Yes") -> 1 | E11: =IFERROR(D11/C11,0) -> 0.33333333 | F11: =D11+C11/1000+ROW()/10000000 -> 1.0030011 | H11: 10 | I11: =INDEX($A$2:$A$198,MATCH(LARGE($F$2:$F$198,H11),$F$2:$F$198,0))&" - "&INDEX($B$2:$B$198,MATCH(LARGE($F$2:$F$198,H11),$F$2:$F$198,0)) -> Amiodarone - Pulmonary fibrosis | J11: =INDEX($C$2:$C$198,MATCH(LARGE($F$2:$F$198,H11),$F$2:$F$198,0)) -> 8 | K11: =INDEX($D$2:$D$198,MATCH(LARGE($F$2:$F$198,H11),$F$2:$F$198,0)) -> 7
A12: Amlodipine | B12: Dizziness | C12: =COUNTIFS(Data!$E$2:$E$1249,A12,Data!$F$2:$F$1249,B12) -> 15 | D12: =COUNTIFS(Data!$E$2:$E$1249,A12,Data!$F$2:$F$1249,B12,Data!$L$2:$L$1249,"Yes") -> 1 | E12: =IFERROR(D12/C12,0) -> 0.066666667 | F12: =D12+C12/1000+ROW()/10000000 -> 1.0150012 | H12: 11 | I12: =INDEX($A$2:$A$198,MATCH(LARGE($F$2:$F$198,H12),$F$2:$F$198,0))&" - "&INDEX($B$2:$B$198,MATCH(LARGE($F$2:$F$198,H12),$F$2:$F$198,0)) -> Methotrexate - Neutropenia | J12: =INDEX($C$2:$C$198,MATCH(LARGE($F$2:$F$198,H12),$F$2:$F$198,0)) -> 7 | K12: =INDEX($D$2:$D$198,MATCH(LARGE($F$2:$F$198,H12),$F$2:$F$198,0)) -> 7
A13: Amlodipine | B13: Peripheral oedema | C13: =COUNTIFS(Data!$E$2:$E$1249,A13,Data!$F$2:$F$1249,B13) -> 14 | D13: =COUNTIFS(Data!$E$2:$E$1249,A13,Data!$F$2:$F$1249,B13,Data!$L$2:$L$1249,"Yes") -> 0 | E13: =IFERROR(D13/C13,0) -> 0 | F13: =D13+C13/1000+ROW()/10000000 -> 0.0140013 | H13: 12 | I13: =INDEX($A$2:$A$198,MATCH(LARGE($F$2:$F$198,H13),$F$2:$F$198,0))&" - "&INDEX($B$2:$B$198,MATCH(LARGE($F$2:$F$198,H13),$F$2:$F$198,0)) -> Azithromycin - QT prolongation | J13: =INDEX($C$2:$C$198,MATCH(LARGE($F$2:$F$198,H13),$F$2:$F$198,0)) -> 10 | K13: =INDEX($D$2:$D$198,MATCH(LARGE($F$2:$F$198,H13),$F$2:$F$198,0)) -> 6
... A16: Amoxicillin | B16: Rash | C16: =COUNTIFS(Data!$E$2:$E$1249,A16,Data!$F$2:$F$1249,B16) -> 12 | D16: =COUNTIFS(Data!$E$2:$E$1249,A16,Data!$F$2:$F$1249,B16,Data!$L$2:$L$1249,"Yes") -> 0 | E16: =IFERROR(D16/C16,0) -> 0 | F16: =D16+C16/1000+ROW()/10000000 -> 0.0120016 | H16: 15 | I16: =INDEX($A$2:$A$198,MATCH(LARGE($F$2:$F$198,H16),$F$2:$F$198,0))&" - "&INDEX($B$2:$B$198,MATCH(LARGE($F$2:$F$198,H16),$F$2:$F$198,0)) -> Gentamicin - Nephrotoxicity | J16: =INDEX($C$2:$C$198,MATCH(LARGE($F$2:$F$198,H16),$F$2:$F$198,0)) -> 9 | K16: =INDEX($D$2:$D$198,MATCH(LARGE($F$2:$F$198,H16),$F$2:$F$198,0)) -> 6
A17: Ampicillin | B17: Diarrhoea | C17: =COUNTIFS(Data!$E$2:$E$1249,A17,Data!$F$2:$F$1249,B17) -> 2 | D17: =COUNTIFS(Data!$E$2:$E$1249,A17,Data!$F$2:$F$1249,B17,Data!$L$2:$L$1249,"Yes") -> 0 | E17: =IFERROR(D17/C17,0) -> 0 | F17: =D17+C17/1000+ROW()/10000000 -> 0.0020017
A18: Ampicillin | B18: Rash | C18: =COUNTIFS(Data!$E$2:$E$1249,A18,Data!$F$2:$F$1249,B18) -> 6 | D18: =COUNTIFS(Data!$E$2:$E$1249,A18,Data!$F$2:$F$1249,B18,Data!$L$2:$L$1249,"Yes") -> 2 | E18: =IFERROR(D18/C18,0) -> 0.33333333 | F18: =D18+C18/1000+ROW()/10000000 -> 2.0060018
A19: Apixaban | B19: Bruising | C19: =COUNTIFS(Data!$E$2:$E$1249,A19,Data!$F$2:$F$1249,B19) -> 3 | D19: =COUNTIFS(Data!$E$2:$E$1249,A19,Data!$F$2:$F$1249,B19,Data!$L$2:$L$1249,"Yes") -> 0 | E19: =IFERROR(D19/C19,0) -> 0 | F19: =D19+C19/1000+ROW()/10000000 -> 0.0030019
A20: Apixaban | B20: Haemorrhage | C20: =COUNTIFS(Data!$E$2:$E$1249,A20,Data!$F$2:$F$1249,B20) -> 9 | D20: =COUNTIFS(Data!$E$2:$E$1249,A20,Data!$F$2:$F$1249,B20,Data!$L$2:$L$1249,"Yes") -> 6 | E20: =IFERROR(D20/C20,0) -> 0.66666667 | F20: =D20+C20/1000+ROW()/10000000 -> 6.009002
A21: Artesunate | B21: Dizziness | C21: =COUNTIFS(Data!$E$2:$E$1249,A21,Data!$F$2:$F$1249,B21) -> 4 | D21: =COUNTIFS(Data!$E$2:$E$1249,A21,Data!$F$2:$F$1249,B21,Data!$L$2:$L$1249,"Yes") -> 1 | E21: =IFERROR(D21/C21,0) -> 0.25 | F21: =D21+C21/1000+ROW()/10000000 -> 1.0040021
A22: Artesunate | B22: Haemolysis | C22: =COUNTIFS(Data!$E$2:$E$1249,A22,Data!$F$2:$F$1249,B22) -> 3 | D22: =COUNTIFS(Data!$E$2:$E$1249,A22,Data!$F$2:$F$1249,B22,Data!$L$2:$L$1249,"Yes") -> 3 | E22: =IFERROR(D22/C22,0) -> 1 | F22: =D22+C22/1000+ROW()/10000000 -> 3.0030022
A23: Aspirin | B23: GI bleeding | C23: =COUNTIFS(Data!$E$2:$E$1249,A23,Data!$F$2:$F$1249,B23) -> 4 | D23: =COUNTIFS(Data!$E$2:$E$1249,A23,Data!$F$2:$F$1249,B23,Data!$L$2:$L$1249,"Yes") -> 3 | E23: =IFERROR(D23/C23,0) -> 0.75 | F23: =D23+C23/1000+ROW()/10000000 -> 3.0040023
A24: Aspirin | B24: Gastritis | C24: =COUNTIFS(Data!$E$2:$E$1249,A24,Data!$F$2:$F$1249,B24) -> 17 | D24: =COUNTIFS(Data!$E$2:$E$1249,A24,Data!$F$2:$F$1249,B24,Data!$L$2:$L$1249,"Yes") -> 0 | E24: =IFERROR(D24/C24,0) -> 0 | F24: =D24+C24/1000+ROW()/10000000 -> 0.0170024
A25: Atenolol | B25: Bradycardia | C25: =COUNTIFS(Data!$E$2:$E$1249,A25,Data!$F$2:$F$1249,B25) -> 9 | D25: =COUNTIFS(Data!$E$2:$E$1249,A25,Data!$F$2:$F$1249,B25,Data!$L$2:$L$1249,"Yes") -> 2 | E25: =IFERROR(D25/C25,0) -> 0.22222222 | F25: =D25+C25/1000+ROW()/10000000 -> 2.0090025
A26: Atenolol | B26: Dizziness | C26: =COUNTIFS(Data!$E$2:$E$1249,A26,Data!$F$2:$F$1249,B26) -> 4 | D26: =COUNTIFS(Data!$E$2:$E$1249,A26,Data!$F$2:$F$1249,B26,Data!$L$2:$L$1249,"Yes") -> 0 | E26: =IFERROR(D26/C26,0) -> 0 | F26: =D26+C26/1000+ROW()/10000000 -> 0.0040026
A27: Atorvastatin | B27: Myalgia | C27: =COUNTIFS(Data!$E$2:$E$1249,A27,Data!$F$2:$F$1249,B27) -> 19 | D27: =COUNTIFS(Data!$E$2:$E$1249,A27,Data!$F$2:$F$1249,B27,Data!$L$2:$L$1249,"Yes") -> 0 | E27: =IFERROR(D27/C27,0) -> 0 | F27: =D27+C27/1000+ROW()/10000000 -> 0.0190027
A28: Atorvastatin | B28: Raised liver enzymes | C28: =COUNTIFS(Data!$E$2:$E$1249,A28,Data!$F$2:$F$1249,B28) -> 8 | D28: =COUNTIFS(Data!$E$2:$E$1249,A28,Data!$F$2:$F$1249,B28,Data!$L$2:$L$1249,"Yes") -> 1 | E28: =IFERROR(D28/C28,0) -> 0.125 | F28: =D28+C28/1000+ROW()/10000000 -> 1.0080028
... A198: Zolpidem | B198: Dizziness | C198: =COUNTIFS(Data!$E$2:$E$1249,A198,Data!$F$2:$F$1249,B198) -> 5 | D198: =COUNTIFS(Data!$E$2:$E$1249,A198,Data!$F$2:$F$1249,B198,Data!$L$2:$L$1249,"Yes") -> 1 | E198: =IFERROR(D198/C198,0) -> 0.2 | F198: =D198+C198/1000+ROW()/10000000 -> 1.0050198

Sheet Sample ADR Data
A1: Report ID | B1: Age | C1: Gender | D1: Suspected Drug | E1: ADR | F1: Onset (days) | G1: Outcome | H1: Serious
A2: =Data!A2 -> ADR0001 | B2: =Data!B2 -> 42 | C2: =Data!C2 -> Male | D2: =Data!E2 -> Ibuprofen | E2: =Data!F2 -> Gastritis | F2: =Data!I2 -> 22 | G2: =Data!J2 -> Recovered | H2: =Data!L2 -> No
A3: =Data!A3 -> ADR0002 | B3: =Data!B3 -> 61 | C3: =Data!C3 -> Female | D3: =Data!E3 -> Acyclovir | E3: =Data!F3 -> Nausea | F3: =Data!I3 -> 1 | G3: =Data!J3 -> Recovering | H3: =Data!L3 -> No
A4: =Data!A4 -> ADR0003 | B4: =Data!B4 -> 17 | C4: =Data!C4 -> Male | D4: =Data!E4 -> Gentamicin | E4: =Data!F4 -> Ototoxicity | F4: =Data!I4 -> 30 | G4: =Data!J4 -> Recovered | H4: =Data!L4 -> No
A5: =Data!A5 -> ADR0004 | B5: =Data!B5 -> 48 | C5: =Data!C5 -> Female | D5: =Data!E5 -> Enalapril | E5: =Data!F5 -> Angioedema | F5: =Data!I5 -> 1 | G5: =Data!J5 -> Recovered | H5: =Data!L5 -> Yes
A6: =Data!A6 -> ADR0005 | B6: =Data!B6 -> 43 | C6: =Data!C6 -> Female | D6: =Data!E6 -> Tramadol | E6: =Data!F6 -> Dizziness | F6: =Data!I6 -> 3 | G6: =Data!J6 -> Recovered | H6: =Data!L6 -> No
A7: =Data!A7 -> ADR0006 | B7: =Data!B7 -> 13 | C7: =Data!C7 -> Female | D7: =Data!E7 -> Methotrexate | E7: =Data!F7 -> Oral mucositis | F7: =Data!I7 -> 7 | G7: =Data!J7 -> Recovered with Sequelae | H7: =Data!L7 -> No
A8: =Data!A8 -> ADR0007 | B8: =Data!B8 -> 21 | C8: =Data!C8 -> Female | D8: =Data!E8 -> Morphine | E8: =Data!F8 -> Respiratory depression | F8: =Data!I8 -> 0 | G8: =Data!J8 -> Recovered | H8: =Data!L8 -> No
A9: =Data!A9 -> ADR0008 | B9: =Data!B9 -> 47 | C9: =Data!C9 -> Male | D9: =Data!E9 -> Amoxicillin | E9: =Data!F9 -> Anaphylaxis | F9: =Data!I9 -> 1 | G9: =Data!J9 -> Recovered | H9: =Data!L9 -> Yes
A10: =Data!A10 -> ADR0009 | B10: =Data!B10 -> 60 | C10: =Data!C10 -> Female | D10: =Data!E10 -> Apixaban | E10: =Data!F10 -> Haemorrhage | F10: =Data!I10 -> 16 | G10: =Data!J10 -> Recovered with Sequelae | H10: =Data!L10 -> Yes
A11: =Data!A11 -> ADR0010 | B11: =Data!B11 -> 46 | C11: =Data!C11 -> Male | D11: =Data!E11 -> Digoxin | E11: =Data!F11 -> Nausea | F11: =Data!I11 -> 6 | G11: =Data!J11 -> Recovered | H11: =Data!L11 -> No
